"No.","Time","Source","Destination","Protocol","Length","Info"
"64","5.880164","192.168.234.129","192.168.234.2","DNS","88","Standard query 0xaca3 A static.edge.microsoftapp.net"
"65","5.880376","192.168.234.129","192.168.234.2","DNS","88","Standard query 0x62ab HTTPS static.edge.microsoftapp.net"
"66","5.907622","192.168.234.2","192.168.234.129","DNS","369","Standard query response 0xaca3 A static.edge.microsoftapp.net CNAME edge-cloud-resource-static.azureedge.net CNAME edge-cloud-resource-static.afd.azureedge.net CNAME azureedge-t-prod.trafficmanager.net CNAME shed.dual-low.s-part-0010.t-0009.t-msedge.net CNAME s-part-0010.t-0009.t-msedge.net A 13.107.246.38"
"67","5.907622","192.168.234.2","192.168.234.129","DNS","425","Standard query response 0x62ab HTTPS static.edge.microsoftapp.net CNAME edge-cloud-resource-static.azureedge.net CNAME edge-cloud-resource-static.afd.azureedge.net CNAME azureedge-t-prod.trafficmanager.net CNAME shed.dual-low.s-part-0010.t-0009.t-msedge.net CNAME s-part-0010.t-0009.t-msedge.net SOA ns1.t-msedge.net"
"95","6.096430","192.168.234.129","192.168.234.2","DNS","78","Standard query 0xc294 A edge.microsoft.com"
"96","6.096748","192.168.234.129","192.168.234.2","DNS","78","Standard query 0x6642 HTTPS edge.microsoft.com"
"97","6.122680","192.168.234.2","192.168.234.129","DNS","178","Standard query response 0xc294 A edge.microsoft.com CNAME edge-microsoft-com.ax-0002.ax-msedge.net CNAME ax-0002.ax-msedge.net A 150.171.28.11 A 150.171.27.11"
"99","6.125663","192.168.234.2","192.168.234.129","DNS","206","Standard query response 0x6642 HTTPS edge.microsoft.com CNAME edge-microsoft-com.ax-0002.ax-msedge.net CNAME ax-0002.ax-msedge.net SOA ns1.ax-msedge.net"
"136","6.408861","192.168.234.129","192.168.234.2","DNS","91","Standard query 0x9859 A fe3cr.delivery.mp.microsoft.com"
"137","6.437498","192.168.234.2","192.168.234.129","DNS","179","Standard query response 0x9859 A fe3cr.delivery.mp.microsoft.com CNAME fe3.delivery.mp.microsoft.com CNAME glb.cws.prod.dcat.dsp.trafficmanager.net A 13.85.23.206"
"138","6.461401","192.168.234.129","192.168.234.2","DNS","91","Standard query 0x714c A fe3cr.delivery.mp.microsoft.com"
"139","6.465680","192.168.234.2","192.168.234.129","DNS","204","Standard query response 0x714c A fe3cr.delivery.mp.microsoft.com CNAME fe3.delivery.mp.microsoft.com CNAME glb.cws.prod.dcat.dsp.trafficmanager.net A 13.85.23.206"
"145","6.535317","192.168.234.129","192.168.234.2","DNS","101","Standard query 0x74e3 A msedge.b.tlu.dl.delivery.mp.microsoft.com"
"151","6.564429","192.168.234.2","192.168.234.129","DNS","280","Standard query response 0x74e3 A msedge.b.tlu.dl.delivery.mp.microsoft.com CNAME star.b.tlu.dl.delivery.mp.microsoft.com.delivery.microsoft.com CNAME cdp-f-tlu-net.trafficmanager.net CNAME fg.microsoft.map.fastly.net A 151.101.14.172"
"177","7.050328","192.168.234.129","192.168.234.2","DNS","86","Standard query 0x6666 A slscr.update.microsoft.com"
"178","7.078914","192.168.234.2","192.168.234.129","DNS","174","Standard query response 0x6666 A slscr.update.microsoft.com CNAME sls.update.microsoft.com CNAME glb.sls.prod.dcat.dsp.trafficmanager.net A 74.178.240.61"
"179","7.087250","192.168.234.129","192.168.234.2","DNS","86","Standard query 0xdf57 A slscr.update.microsoft.com"
"180","7.090582","192.168.234.2","192.168.234.129","DNS","194","Standard query response 0xdf57 A slscr.update.microsoft.com CNAME sls.update.microsoft.com CNAME glb.sls.prod.dcat.dsp.trafficmanager.net A 74.178.240.61"
"186","7.329217","192.168.234.129","192.168.234.2","DNS","89","Standard query 0xee86 A v10.events.data.microsoft.com"
"187","7.355802","192.168.234.2","192.168.234.129","DNS","229","Standard query response 0xee86 A v10.events.data.microsoft.com CNAME win-global-asimov-leafs-events-data.trafficmanager.net CNAME onedscolprdwus18.westus.cloudapp.azure.com A 20.189.173.28"
"213","7.536844","192.168.234.129","192.168.234.2","DNS","94","Standard query 0xf9f1 A cp801.prod.do.dsp.mp.microsoft.com"
"214","7.537079","192.168.234.129","192.168.234.2","DNS","92","Standard query 0xd861 A geo.prod.do.dsp.mp.microsoft.com"
"215","7.568716","192.168.234.2","192.168.234.129","DNS","179","Standard query response 0xd861 A geo.prod.do.dsp.mp.microsoft.com CNAME geo.prod.do.dsp.trafficmanager.net CNAME array810.prod.do.dsp.mp.microsoft.com A 72.154.7.103"
"217","7.579272","192.168.234.2","192.168.234.129","DNS","242","Standard query response 0xf9f1 A cp801.prod.do.dsp.mp.microsoft.com CNAME cp801.prod.do.dsp.mp.microsoft.com.edgekey.net CNAME e12437.d.akamaiedge.net CNAME user-att-99-77-104-0.e12437.d.akamaiedge.net A 23.47.166.48"
"654","8.130059","192.168.234.129","192.168.234.2","DNS","94","Standard query 0x1334 A kv801.prod.do.dsp.mp.microsoft.com"
"661","8.158149","192.168.234.2","192.168.234.129","DNS","242","Standard query response 0x1334 A kv801.prod.do.dsp.mp.microsoft.com CNAME kv801.prod.do.dsp.mp.microsoft.com.edgekey.net CNAME e12437.d.akamaiedge.net CNAME user-att-99-77-104-0.e12437.d.akamaiedge.net A 23.47.166.48"
"991","30.542517","192.168.234.129","192.168.234.2","DNS","84","Standard query 0xa629 PTR 251.0.0.224.in-addr.arpa"
"992","30.542519","192.168.234.129","192.168.234.2","DNS","86","Standard query 0x6d94 PTR 1.234.168.192.in-addr.arpa"
"993","30.545850","192.168.234.2","192.168.234.129","DNS","86","Standard query response 0x6d94 No such name PTR 1.234.168.192.in-addr.arpa"
"996","30.569724","192.168.234.2","192.168.234.129","DNS","112","Standard query response 0xa629 PTR 251.0.0.224.in-addr.arpa PTR mdns.mcast.net"
"997","30.651395","192.168.234.129","192.168.234.2","DNS","132","Standard query 0xbc11 PTR b.7.f.0.4.b.8.3.a.0.8.7.0.3.d.5.0.0.0.0.0.0.0.0.0.0.0.0.0.8.e.f.ip6.arpa"
"998","30.651707","192.168.234.129","192.168.234.2","DNS","132","Standard query 0xc1d6 PTR b.f.0.0.0.0.0.0.0.0.0.0.0.0.0.0.0.0.0.0.0.0.0.0.0.0.0.0.2.0.f.f.ip6.arpa"
"999","30.656996","192.168.234.2","192.168.234.129","DNS","132","Standard query response 0xbc11 No such name PTR b.7.f.0.4.b.8.3.a.0.8.7.0.3.d.5.0.0.0.0.0.0.0.0.0.0.0.0.0.8.e.f.ip6.arpa"
"1002","30.680636","192.168.234.2","192.168.234.129","DNS","208","Standard query response 0xc1d6 No such name PTR b.f.0.0.0.0.0.0.0.0.0.0.0.0.0.0.0.0.0.0.0.0.0.0.0.0.0.0.2.0.f.f.ip6.arpa SOA b.ip6-servers.arpa"
"1027","31.542965","192.168.234.129","192.168.234.2","DNS","86","Standard query 0xdcf1 PTR 2.234.168.192.in-addr.arpa"
"1028","31.546959","192.168.234.2","192.168.234.129","DNS","86","Standard query response 0xdcf1 No such name PTR 2.234.168.192.in-addr.arpa"
"1030","31.548274","192.168.234.129","192.168.234.2","DNS","132","Standard query 0xd8aa PTR 3.0.0.0.1.0.0.0.0.0.0.0.0.0.0.0.0.0.0.0.0.0.0.0.0.0.0.0.2.0.f.f.ip6.arpa"
"1032","31.551420","192.168.234.129","192.168.234.2","DNS","84","Standard query 0xc2a2 PTR 252.0.0.224.in-addr.arpa"
"1033","31.575933","192.168.234.2","192.168.234.129","DNS","208","Standard query response 0xd8aa No such name PTR 3.0.0.0.1.0.0.0.0.0.0.0.0.0.0.0.0.0.0.0.0.0.0.0.0.0.0.0.2.0.f.f.ip6.arpa SOA b.ip6-servers.arpa"
"1036","31.577831","192.168.234.2","192.168.234.129","DNS","157","Standard query response 0xc2a2 No such name PTR 252.0.0.224.in-addr.arpa SOA sns.dns.icann.org"
"1064","32.556418","192.168.234.129","192.168.234.2","DNS","81","Standard query 0x5e85 A config.edge.skype.com"
"1065","32.568286","192.168.234.129","192.168.234.2","DNS","81","Standard query 0x2232 HTTPS config.edge.skype.com"
"1066","32.568675","192.168.234.129","192.168.234.2","DNS","74","Standard query 0x5457 A www.google.com"
"1067","32.569339","192.168.234.129","192.168.234.2","DNS","74","Standard query 0x51b5 HTTPS www.google.com"
"1068","32.573064","192.168.234.2","192.168.234.129","DNS","170","Standard query response 0x5457 A www.google.com A 64.233.185.104 A 64.233.185.103 A 64.233.185.99 A 64.233.185.106 A 64.233.185.147 A 64.233.185.105"
"1069","32.578244","192.168.234.129","192.168.234.2","DNS","74","Standard query 0x2cfa A www.google.com"
"1072","32.583050","192.168.234.2","192.168.234.129","DNS","170","Standard query response 0x2cfa A www.google.com A 64.233.185.105 A 64.233.185.104 A 64.233.185.103 A 64.233.185.99 A 64.233.185.106 A 64.233.185.147"
"1073","32.595369","192.168.234.2","192.168.234.129","DNS","256","Standard query response 0x5e85 A config.edge.skype.com CNAME config.edge.skype.com.trafficmanager.net CNAME ln-0007.config.skype.com CNAME config-edge-skype.ln-0007.ln-msedge.net CNAME ln-0007.ln-msedge.net A 150.171.22.17"
"1074","32.597361","192.168.234.2","192.168.234.129","DNS","99","Standard query response 0x51b5 HTTPS www.google.com HTTPS"
"1075","32.597361","192.168.234.2","192.168.234.129","DNS","313","Standard query response 0x2232 HTTPS config.edge.skype.com CNAME config.edge.skype.com.trafficmanager.net CNAME ln-0007.config.skype.com CNAME config-edge-skype.ln-0007.ln-msedge.net CNAME ln-0007.ln-msedge.net SOA ns1.ln-msedge.net"
"1100","32.742987","192.168.234.129","192.168.234.2","DNS","76","Standard query 0x4d3d A wpad.localdomain"
"1185","32.977138","192.168.234.129","192.168.234.2","DNS","72","Standard query 0x70a2 A www.bing.com"
"1186","32.977386","192.168.234.129","192.168.234.2","DNS","72","Standard query 0x6836 HTTPS www.bing.com"
"1192","33.007103","192.168.234.2","192.168.234.129","DNS","312","Standard query response 0x6836 HTTPS www.bing.com CNAME www-www.bing.com.trafficmanager.net CNAME www.bing.com.edgekey.net CNAME e86303.dscx.akamaiedge.net CNAME user-att-99-77-104-0.e86303.dscx.akamaiedge.net SOA n0dscx.akamaiedge.net"
"1193","33.009599","192.168.234.2","192.168.234.129","DNS","282","Standard query response 0x70a2 A www.bing.com CNAME www-www.bing.com.trafficmanager.net CNAME www.bing.com.edgekey.net CNAME e86303.dscx.akamaiedge.net CNAME user-att-99-77-104-0.e86303.dscx.akamaiedge.net A 23.53.13.168 A 23.53.13.166 A 23.53.13.164"
"1803","33.555478","192.168.234.129","192.168.234.2","DNS","87","Standard query 0xbc29 PTR 104.185.233.64.in-addr.arpa"
"1804","33.588973","192.168.234.2","192.168.234.129","DNS","121","Standard query response 0xbc29 PTR 104.185.233.64.in-addr.arpa PTR yb-in-f104.1e100.net"
"1805","33.671129","192.168.234.129","192.168.234.2","DNS","86","Standard query 0x0b9f PTR 17.22.171.150.in-addr.arpa"
"1806","33.673311","192.168.234.129","192.168.234.2","DNS","86","Standard query 0x628b PTR 38.246.107.13.in-addr.arpa"
"1807","33.674777","192.168.234.129","192.168.234.2","DNS","84","Standard query 0xfcb9 PTR 98.80.163.3.in-addr.arpa"
"1808","33.676963","192.168.234.129","192.168.234.2","DNS","86","Standard query 0xb850 PTR 10.27.171.150.in-addr.arpa"
"1809","33.677991","192.168.234.129","192.168.234.2","DNS","86","Standard query 0x97a1 PTR 12.28.171.150.in-addr.arpa"
"1810","33.679857","192.168.234.129","192.168.234.2","DNS","87","Standard query 0x7831 PTR 203.197.79.204.in-addr.arpa"
"1811","33.681846","192.168.234.129","192.168.234.2","DNS","86","Standard query 0xdaa7 PTR 11.27.171.150.in-addr.arpa"
"1812","33.686281","192.168.234.129","192.168.234.2","DNS","86","Standard query 0xe35e PTR 11.28.171.150.in-addr.arpa"
"1813","33.693836","192.168.234.129","192.168.234.2","DNS","85","Standard query 0x4a34 PTR 168.13.53.23.in-addr.arpa"
"1814","33.705548","192.168.234.2","192.168.234.129","DNS","195","Standard query response 0x0b9f No such name PTR 17.22.171.150.in-addr.arpa SOA ns1-07.azure-dns.com"
"1815","33.705548","192.168.234.2","192.168.234.129","DNS","194","Standard query response 0x628b No such name PTR 38.246.107.13.in-addr.arpa SOA ns1-07.azure-dns.com"
"1816","33.705548","192.168.234.2","192.168.234.129","DNS","139","Standard query response 0xfcb9 PTR 98.80.163.3.in-addr.arpa PTR server-3-163-80-98.atl58.r.cloudfront.net"
"1817","33.705548","192.168.234.2","192.168.234.129","DNS","195","Standard query response 0xb850 No such name PTR 10.27.171.150.in-addr.arpa SOA ns1-07.azure-dns.com"
"1818","33.705548","192.168.234.2","192.168.234.129","DNS","120","Standard query response 0x7831 PTR 203.197.79.204.in-addr.arpa PTR a-0003.a-msedge.net"
"1819","33.710290","192.168.234.2","192.168.234.129","DNS","195","Standard query response 0xdaa7 No such name PTR 11.27.171.150.in-addr.arpa SOA ns1-07.azure-dns.com"
"1820","33.715108","192.168.234.2","192.168.234.129","DNS","195","Standard query response 0xe35e No such name PTR 11.28.171.150.in-addr.arpa SOA ns1-07.azure-dns.com"
"1821","33.721042","192.168.234.2","192.168.234.129","DNS","149","Standard query response 0x4a34 PTR 168.13.53.23.in-addr.arpa PTR a23-53-13-168.deploy.static.akamaitechnologies.com"
"1822","33.752175","192.168.234.2","192.168.234.129","DNS","195","Standard query response 0x97a1 No such name PTR 12.28.171.150.in-addr.arpa SOA ns1-07.azure-dns.com"
"1823","33.757103","192.168.234.129","192.168.234.2","DNS","76","Standard query 0x4d3d A wpad.localdomain"
"1834","33.789870","192.168.234.2","192.168.234.129","DNS","76","Standard query response 0x4d3d No such name A wpad.localdomain"
"1870","34.769337","192.168.234.2","192.168.234.129","DNS","76","Standard query response 0x4d3d No such name A wpad.localdomain"
"1878","36.378028","192.168.234.129","192.168.234.2","DNS","96","Standard query 0xfc6b A functional.events.data.microsoft.com"
"1879","36.378231","192.168.234.129","192.168.234.2","DNS","96","Standard query 0x5792 HTTPS functional.events.data.microsoft.com"
"1880","36.406330","192.168.234.2","192.168.234.129","DNS","226","Standard query response 0xfc6b A functional.events.data.microsoft.com CNAME global.asimov.events.data.trafficmanager.net CNAME onedscolprdwus18.westus.cloudapp.azure.com A 20.189.173.28"
"1881","36.406330","192.168.234.2","192.168.234.129","DNS","293","Standard query response 0x5792 HTTPS functional.events.data.microsoft.com CNAME global.asimov.events.data.trafficmanager.net CNAME onedscolprdfrc01.francecentral.cloudapp.azure.com SOA ns1-06.azure-dns.com"
"1915","37.605198","192.168.234.129","192.168.234.2","DNS","86","Standard query 0x7cdd PTR 28.173.189.20.in-addr.arpa"
"1916","37.633633","192.168.234.2","192.168.234.129","DNS","175","Standard query response 0x7cdd No such name PTR 28.173.189.20.in-addr.arpa SOA ns1-02.azure-dns.com"
"1926","39.839306","192.168.234.129","192.168.234.2","DNS","83","Standard query 0x509f A ctldl.windowsupdate.com"
"1927","39.869794","192.168.234.2","192.168.234.129","DNS","235","Standard query response 0x509f A ctldl.windowsupdate.com CNAME ctldl.windowsupdate.com.delivery.microsoft.com CNAME wu-b-net.trafficmanager.net CNAME cl-glcb907925.gcdn.co A 92.223.118.254"
"1934","40.000494","192.168.234.129","192.168.234.2","DNS","70","Standard query 0x1d8e A c.pki.goog"
"1935","40.029633","192.168.234.2","192.168.234.129","DNS","121","Standard query response 0x1d8e A c.pki.goog CNAME pki-goog.l.google.com A 64.233.185.94"
"1972","40.841836","192.168.234.129","192.168.234.2","DNS","87","Standard query 0x8ab5 PTR 254.118.223.92.in-addr.arpa"
"1973","40.843162","192.168.234.129","192.168.234.2","DNS","86","Standard query 0xc470 PTR 94.185.233.64.in-addr.arpa"
"1974","40.844824","192.168.234.129","192.168.234.2","DNS","86","Standard query 0xdba3 PTR 160.166.47.23.in-addr.arpa"
"1975","40.869830","192.168.234.2","192.168.234.129","DNS","161","Standard query response 0x8ab5 No such name PTR 254.118.223.92.in-addr.arpa SOA ns1.gcorelabs.net"
"1976","40.872630","192.168.234.2","192.168.234.129","DNS","119","Standard query response 0xc470 PTR 94.185.233.64.in-addr.arpa PTR yb-in-f94.1e100.net"
"1977","40.872630","192.168.234.2","192.168.234.129","DNS","151","Standard query response 0xdba3 PTR 160.166.47.23.in-addr.arpa PTR a23-47-166-160.deploy.static.akamaitechnologies.com"
"1978","57.514897","192.168.234.129","192.168.234.2","DNS","76","Standard query 0x354e A wpad.localdomain"
"1979","57.515089","192.168.234.129","192.168.234.2","DNS","76","Standard query 0xefb4 A wpad.localdomain"
"2001","58.529737","192.168.234.129","192.168.234.2","DNS","76","Standard query 0xefb4 A wpad.localdomain"
"2002","58.529745","192.168.234.129","192.168.234.2","DNS","76","Standard query 0x354e A wpad.localdomain"
"2006","58.530858","192.168.234.2","192.168.234.129","DNS","76","Standard query response 0x354e No such name A wpad.localdomain"
"2007","58.530858","192.168.234.2","192.168.234.129","DNS","76","Standard query response 0xefb4 No such name A wpad.localdomain"
"2032","59.551766","192.168.234.2","192.168.234.129","DNS","76","Standard query response 0x354e No such name A wpad.localdomain"
"2033","59.551766","192.168.234.2","192.168.234.129","DNS","76","Standard query response 0xefb4 No such name A wpad.localdomain"
"2061","75.016882","192.168.234.129","192.168.234.2","DNS","72","Standard query 0x694a A www.bing.com"
"2062","75.017214","192.168.234.129","192.168.234.2","DNS","72","Standard query 0x7d89 HTTPS www.bing.com"
"2063","75.024571","192.168.234.129","192.168.234.2","DNS","76","Standard query 0xbc91 A wpad.localdomain"
"2070","75.051829","192.168.234.2","192.168.234.129","DNS","282","Standard query response 0x694a A www.bing.com CNAME www-www.bing.com.trafficmanager.net CNAME www.bing.com.edgekey.net CNAME e86303.dscx.akamaiedge.net CNAME user-att-99-77-104-0.e86303.dscx.akamaiedge.net A 23.53.13.164 A 23.53.13.168 A 23.53.13.166"
"2071","75.057996","192.168.234.2","192.168.234.129","DNS","312","Standard query response 0x7d89 HTTPS www.bing.com CNAME www-www.bing.com.trafficmanager.net CNAME www.bing.com.edgekey.net CNAME e86303.dscx.akamaiedge.net CNAME user-att-99-77-104-0.e86303.dscx.akamaiedge.net SOA n0dscx.akamaiedge.net"
"2109","75.324914","192.168.234.129","192.168.234.2","DNS","79","Standard query 0x2afa A aefd.nelreports.net"
"2110","75.325177","192.168.234.129","192.168.234.2","DNS","79","Standard query 0x3f7a HTTPS aefd.nelreports.net"
"2129","75.360888","192.168.234.2","192.168.234.129","DNS","272","Standard query response 0x3f7a HTTPS aefd.nelreports.net CNAME aefd.nelreports.net.akamaized.net CNAME a1851.dscg2.akamai.net CNAME user-att-99-77-104-0.a1851.dscg2.akamai.net SOA n0dscg2.akamai.net"
"2160","75.418017","192.168.234.2","192.168.234.129","DNS","229","Standard query response 0x2afa A aefd.nelreports.net CNAME aefd.nelreports.net.akamaized.net CNAME a1851.dscg2.akamai.net CNAME user-att-99-77-104-0.a1851.dscg2.akamai.net A 23.49.5.144 A 23.49.5.140"
"2169","75.446249","192.168.234.129","192.168.234.2","DNS","72","Standard query 0x3e0b A www.bing.com"
"2170","75.448260","192.168.234.129","192.168.234.2","DNS","71","Standard query 0xae7b A th.bing.com"
"2171","75.448555","192.168.234.129","192.168.234.2","DNS","71","Standard query 0xbc66 HTTPS th.bing.com"
"2172","75.449941","192.168.234.2","192.168.234.129","DNS","308","Standard query response 0x3e0b A www.bing.com CNAME www-www.bing.com.trafficmanager.net CNAME www.bing.com.edgekey.net CNAME e86303.dscx.akamaiedge.net CNAME user-att-99-77-104-0.e86303.dscx.akamaiedge.net A 23.53.13.164 A 23.53.13.168 A 23.53.13.166"
"2176","75.475087","192.168.234.2","192.168.234.129","DNS","307","Standard query response 0xbc66 HTTPS th.bing.com CNAME p-th.bing.com.trafficmanager.net CNAME th.bing.com.edgekey.net CNAME e86303.dscx.akamaiedge.net CNAME user-att-99-77-104-0.e86303.dscx.akamaiedge.net SOA n0dscx.akamaiedge.net"
"2177","75.475087","192.168.234.2","192.168.234.129","DNS","277","Standard query response 0xae7b A th.bing.com CNAME p-th.bing.com.trafficmanager.net CNAME th.bing.com.edgekey.net CNAME e86303.dscx.akamaiedge.net CNAME user-att-99-77-104-0.e86303.dscx.akamaiedge.net A 23.53.13.164 A 23.53.13.166 A 23.53.13.168"
"2319","76.029097","192.168.234.129","192.168.234.2","DNS","85","Standard query 0x4174 PTR 164.13.53.23.in-addr.arpa"
"2320","76.034310","192.168.234.129","192.168.234.2","DNS","84","Standard query 0xf6dc PTR 144.5.49.23.in-addr.arpa"
"2321","76.036022","192.168.234.129","192.168.234.2","DNS","76","Standard query 0xbc91 A wpad.localdomain"
"2330","76.040390","192.168.234.2","192.168.234.129","DNS","76","Standard query response 0xbc91 No such name A wpad.localdomain"
"2333","76.056041","192.168.234.2","192.168.234.129","DNS","149","Standard query response 0x4174 PTR 164.13.53.23.in-addr.arpa PTR a23-53-13-164.deploy.static.akamaitechnologies.com"
"2334","76.061360","192.168.234.2","192.168.234.129","DNS","147","Standard query response 0xf6dc PTR 144.5.49.23.in-addr.arpa PTR a23-49-5-144.deploy.static.akamaitechnologies.com"
"2341","77.045140","192.168.234.2","192.168.234.129","DNS","76","Standard query response 0xbc91 No such name A wpad.localdomain"
"2344","79.611388","192.168.234.129","192.168.234.2","DNS","74","Standard query 0xedda A login.live.com"
"2345","79.641448","192.168.234.2","192.168.234.129","DNS","416","Standard query response 0xedda A login.live.com CNAME login.msa.msidentity.com CNAME www.tm.lg.prod.aadmsa.akadns.net CNAME www.a.lg.prod.aadmsa.akadns.net CNAME prdv4a.aadg.msidentity.com CNAME www.tm.v4.a.prd.aadg.akadns.net A 20.190.135.2 A 20.190.135.3 A 40.126.28.22 A 20.190.135.7 A 40.126.7.32 A 20.190.135.17 A 40.126.7.35 A 20.190.135.16"
"2395","80.099284","192.168.234.129","192.168.234.2","DNS","85","Standard query 0x7a85 A fd.api.iris.microsoft.com"
"2396","80.126367","192.168.234.2","192.168.234.129","DNS","211","Standard query response 0x7a85 A fd.api.iris.microsoft.com CNAME fd-api-iris.trafficmanager.net CNAME iris-de-prod-azsc-v2-eus2.eastus2.cloudapp.azure.com A 20.96.153.111"
"2536","80.617611","192.168.234.129","192.168.234.2","DNS","85","Standard query 0x6a76 PTR 2.135.190.20.in-addr.arpa"
"2537","80.620584","192.168.234.129","192.168.234.2","DNS","86","Standard query 0x7b74 PTR 111.153.96.20.in-addr.arpa"
"2540","80.646526","192.168.234.2","192.168.234.129","DNS","162","Standard query response 0x6a76 No such name PTR 2.135.190.20.in-addr.arpa SOA ns1-201.azure-dns.com"
"2541","80.646526","192.168.234.2","192.168.234.129","DNS","175","Standard query response 0x7b74 No such name PTR 111.153.96.20.in-addr.arpa SOA ns1-05.azure-dns.com"
"2545","83.389738","192.168.234.129","192.168.234.2","DNS","76","Standard query 0x6c8f A orphanageatd.org"
"2546","83.390290","192.168.234.129","192.168.234.2","DNS","76","Standard query 0xd644 HTTPS orphanageatd.org"
"2547","83.403138","192.168.234.129","192.168.234.2","DNS","76","Standard query 0x94b2 A orphanageatd.org"
"2548","83.403837","192.168.234.129","192.168.234.2","DNS","74","Standard query 0x90ad A www.google.com"
"2549","83.408585","192.168.234.2","192.168.234.129","DNS","170","Standard query response 0x90ad A www.google.com A 64.233.185.147 A 64.233.185.105 A 64.233.185.104 A 64.233.185.103 A 64.233.185.99 A 64.233.185.106"
"2550","83.505884","192.168.234.2","192.168.234.129","DNS","157","Standard query response 0xd644 HTTPS orphanageatd.org SOA ns123.webhostingworld.net"
"2551","83.505884","192.168.234.2","192.168.234.129","DNS","92","Standard query response 0x6c8f A orphanageatd.org A 184.154.115.26"
"2552","83.505884","192.168.234.2","192.168.234.129","DNS","92","Standard query response 0x94b2 A orphanageatd.org A 184.154.115.26"
"2555","83.521950","192.168.234.129","192.168.234.2","DNS","94","Standard query 0x372f A nav-edge.smartscreen.microsoft.com"
"2556","83.522214","192.168.234.129","192.168.234.2","DNS","94","Standard query 0xd87d HTTPS nav-edge.smartscreen.microsoft.com"
"2557","83.552081","192.168.234.2","192.168.234.129","DNS","274","Standard query response 0xd87d HTTPS nav-edge.smartscreen.microsoft.com CNAME prod-atm-wds-edge.trafficmanager.net CNAME prod-agic-wu-2.westus.cloudapp.azure.com SOA ns1-02.azure-dns.com"
"2558","83.552081","192.168.234.2","192.168.234.129","DNS","216","Standard query response 0x372f A nav-edge.smartscreen.microsoft.com CNAME prod-atm-wds-edge.trafficmanager.net CNAME prod-agic-eu2-1.eastus2.cloudapp.azure.com A 4.153.29.52"
"2620","83.778983","192.168.234.129","192.168.234.2","DNS","93","Standard query 0x446c A dl-edge.smartscreen.microsoft.com"
"2621","83.779284","192.168.234.129","192.168.234.2","DNS","93","Standard query 0x8c21 HTTPS dl-edge.smartscreen.microsoft.com"
"2647","83.807046","192.168.234.2","192.168.234.129","DNS","216","Standard query response 0x446c A dl-edge.smartscreen.microsoft.com CNAME prod-atm-wds-edge.trafficmanager.net CNAME prod-agic-cu-3.centralus.cloudapp.azure.com A 4.150.155.223"
"2648","83.807046","192.168.234.2","192.168.234.129","DNS","282","Standard query response 0x8c21 HTTPS dl-edge.smartscreen.microsoft.com CNAME prod-atm-wds-edge.trafficmanager.net CNAME prod-agic-ncu-4.northcentralus.cloudapp.azure.com SOA ns1-02.azure-dns.com"
"7832","84.672829","192.168.234.129","192.168.234.2","DNS","87","Standard query 0x88c7 PTR 26.115.154.184.in-addr.arpa"
"8353","84.713434","192.168.234.129","192.168.234.2","DNS","84","Standard query 0x7c89 PTR 52.29.153.4.in-addr.arpa"
"8797","84.735446","192.168.234.129","192.168.234.2","DNS","86","Standard query 0x86cb PTR 223.155.150.4.in-addr.arpa"
"9153","84.753963","192.168.234.2","192.168.234.129","DNS","128","Standard query response 0x88c7 PTR 26.115.154.184.in-addr.arpa PTR peridot.superdomainzone.com"
"9154","84.753963","192.168.234.2","192.168.234.129","DNS","173","Standard query response 0x7c89 No such name PTR 52.29.153.4.in-addr.arpa SOA ns1-06.azure-dns.com"
"9842","84.790904","192.168.234.2","192.168.234.129","DNS","175","Standard query response 0x86cb No such name PTR 223.155.150.4.in-addr.arpa SOA ns1-02.azure-dns.com"
"11147","85.011704","192.168.234.129","192.168.234.2","DNS","77","Standard query 0xf414 A ocsp.digicert.com"
"11148","85.047304","192.168.234.2","192.168.234.129","DNS","248","Standard query response 0xf414 A ocsp.digicert.com CNAME ocsp.edge.digicert.com CNAME cac-ocsp.digicert.com.edgekey.net CNAME e3913.cd.akamaiedge.net CNAME user-att-99-77-104-0.e3913.cd.akamaiedge.net A 23.4.43.62"
"11155","85.116471","192.168.234.129","192.168.234.2","DNS","94","Standard query 0x979f A app-edge.smartscreen.microsoft.com"
"11156","85.116681","192.168.234.129","192.168.234.2","DNS","94","Standard query 0xea85 HTTPS app-edge.smartscreen.microsoft.com"
"11157","85.146377","192.168.234.2","192.168.234.129","DNS","278","Standard query response 0xea85 HTTPS app-edge.smartscreen.microsoft.com CNAME prod-atm-wds-apprep.trafficmanager.net CNAME prod-agic-eu2-3.eastus2.cloudapp.azure.com SOA ns1-06.azure-dns.com"
"11158","85.146377","192.168.234.2","192.168.234.129","DNS","218","Standard query response 0x979f A app-edge.smartscreen.microsoft.com CNAME prod-atm-wds-apprep.trafficmanager.net CNAME prod-agic-eu2-4.eastus2.cloudapp.azure.com A 4.153.57.10"
"11206","86.424609","192.168.234.129","192.168.234.2","DNS","83","Standard query 0xb525 PTR 62.43.4.23.in-addr.arpa"
"11207","86.429350","192.168.234.129","192.168.234.2","DNS","84","Standard query 0xcaf9 PTR 10.57.153.4.in-addr.arpa"
"11208","86.454150","192.168.234.2","192.168.234.129","DNS","145","Standard query response 0xb525 PTR 62.43.4.23.in-addr.arpa PTR a23-4-43-62.deploy.static.akamaitechnologies.com"
"11209","86.460892","192.168.234.2","192.168.234.129","DNS","173","Standard query response 0xcaf9 No such name PTR 10.57.153.4.in-addr.arpa SOA ns1-02.azure-dns.com"
"11805","97.787316","192.168.234.129","192.168.234.2","DNS","91","Standard query 0xc2dc A browser.pipe.aria.microsoft.com"
"11806","97.787658","192.168.234.129","192.168.234.2","DNS","91","Standard query 0x2ee2 HTTPS browser.pipe.aria.microsoft.com"
"11820","97.894235","192.168.234.2","192.168.234.129","DNS","215","Standard query response 0xc2dc A browser.pipe.aria.microsoft.com CNAME browser.events.data.trafficmanager.net CNAME onedscolprdeus19.eastus.cloudapp.azure.com A 52.168.117.175"
"11821","97.894235","192.168.234.2","192.168.234.129","DNS","280","Standard query response 0x2ee2 HTTPS browser.pipe.aria.microsoft.com CNAME browser.events.data.trafficmanager.net CNAME onedscolprdweu08.westeurope.cloudapp.azure.com SOA ns1-201.azure-dns.com"
"11881","98.329009","192.168.234.129","192.168.234.2","DNS","96","Standard query 0xbdca A functional.events.data.microsoft.com"
"11882","98.329317","192.168.234.129","192.168.234.2","DNS","96","Standard query 0xa136 HTTPS functional.events.data.microsoft.com"
"11890","98.357353","192.168.234.2","192.168.234.129","DNS","226","Standard query response 0xbdca A functional.events.data.microsoft.com CNAME global.asimov.events.data.trafficmanager.net CNAME onedscolprdeus07.eastus.cloudapp.azure.com A 52.168.117.168"
"11891","98.361203","192.168.234.2","192.168.234.129","DNS","293","Standard query response 0xa136 HTTPS functional.events.data.microsoft.com CNAME global.asimov.events.data.trafficmanager.net CNAME onedscolprdaue02.australiaeast.cloudapp.azure.com SOA ns1-06.azure-dns.com"
"11900","98.447881","192.168.234.129","192.168.234.2","DNS","87","Standard query 0x2c2f PTR 175.117.168.52.in-addr.arpa"
"11902","98.476043","192.168.234.2","192.168.234.129","DNS","164","Standard query response 0x2c2f No such name PTR 175.117.168.52.in-addr.arpa SOA ns1-201.azure-dns.com"
"11911","99.813327","192.168.234.129","192.168.234.2","DNS","74","Standard query 0xb91e A ecs.office.com"
"11912","99.840261","192.168.234.2","192.168.234.129","DNS","261","Standard query response 0xb91e A ecs.office.com CNAME ecs.office.trafficmanager.net CNAME dual-s-0005-office.config.skype.com CNAME ecs-office.s-0005.dual-s-msedge.net CNAME s-0005.dual-s-msedge.net A 52.123.128.14 A 52.123.129.14"
"12044","101.579930","192.168.234.129","192.168.234.2","DNS","86","Standard query 0x1b2c PTR 14.128.123.52.in-addr.arpa"
"12045","101.609563","192.168.234.2","192.168.234.129","DNS","194","Standard query response 0x1b2c No such name PTR 14.128.123.52.in-addr.arpa SOA ns1-09.azure-dns.com"
"12046","102.798346","192.168.234.129","192.168.234.2","DNS","73","Standard query 0x7f25 A fp.msedge.net"
"12047","102.798678","192.168.234.129","192.168.234.2","DNS","73","Standard query 0xd209 HTTPS fp.msedge.net"
"12048","102.827710","192.168.234.2","192.168.234.129","DNS","233","Standard query response 0x7f25 A fp.msedge.net CNAME 1.perf.msedge.net CNAME a-0019.a-msedge.net CNAME a-0019.a.dns.azurefd.net CNAME a-0019.standard.a-msedge.net A 204.79.197.222"
"12049","102.827710","192.168.234.2","192.168.234.129","DNS","133","Standard query response 0xd209 HTTPS fp.msedge.net SOA ns1.msedge.net"
"12093","103.861206","192.168.234.129","192.168.234.2","DNS","72","Standard query 0x46d0 A www.bing.com"
"12094","103.861451","192.168.234.129","192.168.234.2","DNS","72","Standard query 0x856b HTTPS www.bing.com"
"12095","103.892191","192.168.234.2","192.168.234.129","DNS","312","Standard query response 0x856b HTTPS www.bing.com CNAME www-www.bing.com.trafficmanager.net CNAME www.bing.com.edgekey.net CNAME e86303.dscx.akamaiedge.net CNAME user-att-99-77-104-0.e86303.dscx.akamaiedge.net SOA n0dscx.akamaiedge.net"
"12096","103.896707","192.168.234.2","192.168.234.129","DNS","282","Standard query response 0x46d0 A www.bing.com CNAME www-www.bing.com.trafficmanager.net CNAME www.bing.com.edgekey.net CNAME e86303.dscx.akamaiedge.net CNAME user-att-99-77-104-0.e86303.dscx.akamaiedge.net A 23.53.13.166 A 23.53.13.168 A 23.53.13.164"
"12554","104.543222","192.168.234.129","192.168.234.2","DNS","87","Standard query 0x2017 PTR 222.197.79.204.in-addr.arpa"
"12621","104.549445","192.168.234.129","192.168.234.2","DNS","85","Standard query 0x5228 PTR 166.13.53.23.in-addr.arpa"
"12874","104.578761","192.168.234.2","192.168.234.129","DNS","157","Standard query response 0x2017 No such name PTR 222.197.79.204.in-addr.arpa SOA ns1.msedge.net"
"12875","104.578761","192.168.234.2","192.168.234.129","DNS","149","Standard query response 0x5228 PTR 166.13.53.23.in-addr.arpa PTR a23-53-13-166.deploy.static.akamaitechnologies.com"
"13301","105.716006","192.168.234.129","192.168.234.2","DNS","71","Standard query 0x3288 A th.bing.com"
"13302","105.716262","192.168.234.129","192.168.234.2","DNS","71","Standard query 0x0a49 HTTPS th.bing.com"
"13303","105.746144","192.168.234.2","192.168.234.129","DNS","277","Standard query response 0x3288 A th.bing.com CNAME p-th.bing.com.trafficmanager.net CNAME th.bing.com.edgekey.net CNAME e86303.dscx.akamaiedge.net CNAME user-att-99-77-104-0.e86303.dscx.akamaiedge.net A 23.53.13.166 A 23.53.13.168 A 23.53.13.164"
"13304","105.746144","192.168.234.2","192.168.234.129","DNS","307","Standard query response 0x0a49 HTTPS th.bing.com CNAME p-th.bing.com.trafficmanager.net CNAME th.bing.com.edgekey.net CNAME e86303.dscx.akamaiedge.net CNAME user-att-99-77-104-0.e86303.dscx.akamaiedge.net SOA n0dscx.akamaiedge.net"
"13337","107.100141","192.168.234.129","192.168.234.2","DNS","85","Standard query 0xd2a5 A fd.api.iris.microsoft.com"
"13338","107.128107","192.168.234.2","192.168.234.129","DNS","211","Standard query response 0xd2a5 A fd.api.iris.microsoft.com CNAME fd-api-iris.trafficmanager.net CNAME iris-de-prod-azsc-v2-eus2.eastus2.cloudapp.azure.com A 20.96.153.111"
"13449","107.611778","192.168.234.129","192.168.234.2","DNS","71","Standard query 0xd0db A arc.msn.com"
"13469","107.641204","192.168.234.2","192.168.234.129","DNS","191","Standard query response 0xd0db A arc.msn.com CNAME arc.trafficmanager.net CNAME iris-de-prod-azsc-v2-eus2-b.eastus2.cloudapp.azure.com A 20.75.60.91"
"13557","109.585433","192.168.234.129","192.168.234.2","DNS","84","Standard query 0x9a3c PTR 91.60.75.20.in-addr.arpa"
"13558","109.614396","192.168.234.2","192.168.234.129","DNS","173","Standard query response 0x9a3c No such name PTR 91.60.75.20.in-addr.arpa SOA ns1-03.azure-dns.com"
"13570","110.056506","192.168.234.129","192.168.234.2","DNS","74","Standard query 0x23eb A ecs.office.com"
"13571","110.061992","192.168.234.2","192.168.234.129","DNS","285","Standard query response 0x23eb A ecs.office.com CNAME ecs.office.trafficmanager.net CNAME dual-s-0005-office.config.skype.com CNAME ecs-office.s-0005.dual-s-msedge.net CNAME s-0005.dual-s-msedge.net A 52.123.128.14 A 52.123.129.14"
"13635","113.993600","192.168.234.129","192.168.234.2","DNS","75","Standard query 0x048d A windows.msn.com"
"13636","114.032993","192.168.234.2","192.168.234.129","DNS","286","Standard query response 0x048d A windows.msn.com CNAME win-msn-com-world-atm-default.trafficmanager.net CNAME windows.msn.com-ion.edgesuite.net CNAME a1672.dscr.akamai.net CNAME user-att-99-77-104-0.a1672.dscr.akamai.net A 23.209.188.6 A 23.209.188.9"
"13642","114.133171","192.168.234.129","192.168.234.2","DNS","92","Standard query 0xe0bd A mobile.events.data.microsoft.com"
"13643","114.162690","192.168.234.2","192.168.234.129","DNS","218","Standard query response 0xe0bd A mobile.events.data.microsoft.com CNAME mobile.events.data.trafficmanager.net CNAME onedscolprdcus16.centralus.cloudapp.azure.com A 52.182.143.213"
"13662","114.984868","192.168.234.129","192.168.234.2","DNS","85","Standard query 0xd691 PTR 6.188.209.23.in-addr.arpa"
"13669","115.013788","192.168.234.2","192.168.234.129","DNS","149","Standard query response 0xd691 PTR 6.188.209.23.in-addr.arpa PTR a23-209-188-6.deploy.static.akamaitechnologies.com"
"13670","115.023034","192.168.234.129","192.168.234.2","DNS","85","Standard query 0xd691 PTR 6.188.209.23.in-addr.arpa"
"13671","115.026799","192.168.234.2","192.168.234.129","DNS","149","Standard query response 0xd691 PTR 6.188.209.23.in-addr.arpa PTR a23-209-188-6.deploy.static.akamaitechnologies.com"
"13688","115.497899","192.168.234.129","192.168.234.2","DNS","76","Standard query 0xa90f A wpad.localdomain"
"13701","115.682883","192.168.234.129","192.168.234.2","DNS","87","Standard query 0x30bb PTR 213.143.182.52.in-addr.arpa"
"13702","115.711204","192.168.234.2","192.168.234.129","DNS","164","Standard query response 0x30bb No such name PTR 213.143.182.52.in-addr.arpa SOA ns1-201.azure-dns.com"
"13703","115.834252","192.168.234.129","192.168.234.2","DNS","75","Standard query 0x3270 A windows.msn.com"
"13704","115.875813","192.168.234.2","192.168.234.129","DNS","286","Standard query response 0x3270 A windows.msn.com CNAME win-msn-com-world-atm-default.trafficmanager.net CNAME windows.msn.com-ion.edgesuite.net CNAME a1672.dscr.akamai.net CNAME user-att-99-77-104-0.a1672.dscr.akamai.net A 23.209.188.6 A 23.209.188.9"
"13707","116.472827","192.168.234.129","192.168.234.2","DNS","75","Standard query 0xb33a A windows.msn.com"
"13708","116.473179","192.168.234.129","192.168.234.2","DNS","75","Standard query 0x35a1 HTTPS windows.msn.com"
"13709","116.473633","192.168.234.129","192.168.234.2","DNS","81","Standard query 0x0dcb A config.edge.skype.com"
"13710","116.473801","192.168.234.129","192.168.234.2","DNS","81","Standard query 0x0383 HTTPS config.edge.skype.com"
"13711","116.502071","192.168.234.2","192.168.234.129","DNS","256","Standard query response 0x0dcb A config.edge.skype.com CNAME config.edge.skype.com.trafficmanager.net CNAME ln-0007.config.skype.com CNAME config-edge-skype.ln-0007.ln-msedge.net CNAME ln-0007.ln-msedge.net A 150.171.22.17"
"13712","116.502071","192.168.234.2","192.168.234.129","DNS","313","Standard query response 0x0383 HTTPS config.edge.skype.com CNAME config.edge.skype.com.trafficmanager.net CNAME ln-0007.config.skype.com CNAME config-edge-skype.ln-0007.ln-msedge.net CNAME ln-0007.ln-msedge.net SOA ns1.ln-msedge.net"
"13714","116.504958","192.168.234.129","192.168.234.2","DNS","76","Standard query 0xa90f A wpad.localdomain"
"13719","116.506107","192.168.234.2","192.168.234.129","DNS","76","Standard query response 0xa90f No such name A wpad.localdomain"
"13724","116.507022","192.168.234.2","192.168.234.129","DNS","328","Standard query response 0x35a1 HTTPS windows.msn.com CNAME win-msn-com-world-atm-default.trafficmanager.net CNAME windows.msn.com-ion.edgesuite.net CNAME a1672.dscr.akamai.net CNAME user-att-99-77-104-0.a1672.dscr.akamai.net SOA n0dscr.akamai.net"
"13725","116.507022","192.168.234.2","192.168.234.129","DNS","286","Standard query response 0xb33a A windows.msn.com CNAME win-msn-com-world-atm-default.trafficmanager.net CNAME windows.msn.com-ion.edgesuite.net CNAME a1672.dscr.akamai.net CNAME user-att-99-77-104-0.a1672.dscr.akamai.net A 23.209.188.6 A 23.209.188.9"
"13779","117.095527","192.168.234.129","192.168.234.2","DNS","74","Standard query 0x2124 A assets.msn.com"
"13780","117.095730","192.168.234.129","192.168.234.2","DNS","74","Standard query 0xd107 HTTPS assets.msn.com"
"13781","117.124147","192.168.234.2","192.168.234.129","DNS","287","Standard query response 0x2124 A assets.msn.com CNAME assets-msn-com-world-atm-default.trafficmanager.net CNAME assets.msn.com-ion.edgesuite.net CNAME a1666.dscr.akamai.net CNAME user-att-99-77-104-0.a1666.dscr.akamai.net A 23.209.188.12 A 23.209.188.9"
"13782","117.128987","192.168.234.2","192.168.234.129","DNS","329","Standard query response 0xd107 HTTPS assets.msn.com CNAME assets-msn-com-world-atm-default.trafficmanager.net CNAME assets.msn.com-ion.edgesuite.net CNAME a1666.dscr.akamai.net CNAME user-att-99-77-104-0.a1666.dscr.akamai.net SOA n0dscr.akamai.net"
"13789","117.155892","192.168.234.129","192.168.234.2","DNS","71","Standard query 0xc506 A www.msn.com"
"13790","117.183992","192.168.234.2","192.168.234.129","DNS","208","Standard query response 0xc506 A www.msn.com CNAME www-msn-com-world-atm-default.trafficmanager.net CNAME www-msn-com.a-0003.a-msedge.net CNAME a-0003.a-msedge.net A 204.79.197.203"
"13830","117.261899","192.168.234.129","192.168.234.2","DNS","71","Standard query 0xdf3f A www.msn.com"
"13831","117.262132","192.168.234.129","192.168.234.2","DNS","71","Standard query 0xf12c HTTPS www.msn.com"
"13832","117.265931","192.168.234.2","192.168.234.129","DNS","227","Standard query response 0xdf3f A www.msn.com CNAME www-msn-com-world-atm-default.trafficmanager.net CNAME www-msn-com.a-0003.a-msedge.net CNAME a-0003.a-msedge.net A 204.79.197.203"
"13838","117.291749","192.168.234.2","192.168.234.129","DNS","264","Standard query response 0xf12c HTTPS www.msn.com CNAME www-msn-com-world-atm-default.trafficmanager.net CNAME www-msn-com.a-0003.a-msedge.net CNAME a-0003.a-msedge.net SOA ns1.a-msedge.net"
"13854","117.366211","192.168.234.129","192.168.234.2","DNS","74","Standard query 0xdd44 A assets.msn.com"
"13855","117.370179","192.168.234.2","192.168.234.129","DNS","308","Standard query response 0xdd44 A assets.msn.com CNAME assets-msn-com-world-atm-default.trafficmanager.net CNAME assets.msn.com-ion.edgesuite.net CNAME a1666.dscr.akamai.net CNAME user-att-99-77-104-0.a1666.dscr.akamai.net A 23.209.188.12 A 23.209.188.9"
"13914","117.515332","192.168.234.2","192.168.234.129","DNS","76","Standard query response 0xa90f No such name A wpad.localdomain"
"14406","117.673988","192.168.234.129","192.168.234.2","DNS","87","Standard query 0x2c51 PTR 172.14.101.151.in-addr.arpa"
"14408","117.689466","192.168.234.129","192.168.234.2","DNS","71","Standard query 0x291f A api.msn.com"
"14409","117.689831","192.168.234.129","192.168.234.2","DNS","71","Standard query 0x526c HTTPS api.msn.com"
"14411","117.699042","192.168.234.129","192.168.234.2","DNS","86","Standard query 0x22cf PTR 12.188.209.23.in-addr.arpa"
"14412","117.702731","192.168.234.2","192.168.234.129","DNS","171","Standard query response 0x2c51 No such name PTR 172.14.101.151.in-addr.arpa SOA pri.authdns.ripe.net"
"14413","117.709023","192.168.234.129","192.168.234.2","DNS","87","Standard query 0x2c51 PTR 172.14.101.151.in-addr.arpa"
"14414","117.714035","192.168.234.2","192.168.234.129","DNS","87","Standard query response 0x2c51 No such name PTR 172.14.101.151.in-addr.arpa"
"14418","117.717059","192.168.234.2","192.168.234.129","DNS","233","Standard query response 0x291f A api.msn.com CNAME api-msn-com-oneservice-world-default.trafficmanager.net CNAME api-msn-com.ax-0003.ax-msedge.net CNAME ax-0003.ax-msedge.net A 150.171.27.12 A 150.171.28.12"
"14419","117.717059","192.168.234.2","192.168.234.129","DNS","274","Standard query response 0x526c HTTPS api.msn.com CNAME api-msn-com-oneservice-world-default.trafficmanager.net CNAME api-msn-com.ax-0003.ax-msedge.net CNAME ax-0003.ax-msedge.net SOA ns1.ax-msedge.net"
"14423","117.728310","192.168.234.2","192.168.234.129","DNS","151","Standard query response 0x22cf PTR 12.188.209.23.in-addr.arpa PTR a23-209-188-12.deploy.static.akamaitechnologies.com"
"14710","118.155624","192.168.234.129","192.168.234.2","DNS","72","Standard query 0x3dbe A srtb.msn.com"
"14711","118.155912","192.168.234.129","192.168.234.2","DNS","72","Standard query 0x001c HTTPS srtb.msn.com"
"14713","118.182094","192.168.234.2","192.168.234.129","DNS","256","Standard query response 0x001c HTTPS srtb.msn.com CNAME srtb-msn-com-profile.trafficmanager.net CNAME www-msn-com.a-0003.a-msedge.net CNAME a-0003.a-msedge.net SOA ns1.a-msedge.net"
"14714","118.182094","192.168.234.2","192.168.234.129","DNS","200","Standard query response 0x3dbe A srtb.msn.com CNAME srtb-msn-com-profile.trafficmanager.net CNAME www-msn-com.a-0003.a-msedge.net CNAME a-0003.a-msedge.net A 204.79.197.203"
"14804","118.425833","192.168.234.129","192.168.234.2","DNS","71","Standard query 0xe9da A th.bing.com"
"14805","118.426062","192.168.234.129","192.168.234.2","DNS","71","Standard query 0x2a0d HTTPS th.bing.com"
"14808","118.456005","192.168.234.2","192.168.234.129","DNS","307","Standard query response 0x2a0d HTTPS th.bing.com CNAME p-th.bing.com.trafficmanager.net CNAME th.bing.com.edgekey.net CNAME e86303.dscx.akamaiedge.net CNAME user-att-99-77-104-0.e86303.dscx.akamaiedge.net SOA n0dscx.akamaiedge.net"
"14811","118.461515","192.168.234.2","192.168.234.129","DNS","277","Standard query response 0xe9da A th.bing.com CNAME p-th.bing.com.trafficmanager.net CNAME th.bing.com.edgekey.net CNAME e86303.dscx.akamaiedge.net CNAME user-att-99-77-104-0.e86303.dscx.akamaiedge.net A 23.53.13.166 A 23.53.13.164 A 23.53.13.168"
"14825","118.498296","192.168.234.129","192.168.234.2","DNS","87","Standard query 0xb909 A img-s-msn-com.akamaized.net"
"14826","118.498543","192.168.234.129","192.168.234.2","DNS","87","Standard query 0xf920 HTTPS img-s-msn-com.akamaized.net"
"14827","118.528811","192.168.234.2","192.168.234.129","DNS","233","Standard query response 0xf920 HTTPS img-s-msn-com.akamaized.net CNAME a1834.dscg2.akamai.net CNAME user-att-99-77-104-0.a1834.dscg2.akamai.net SOA n0dscg2.akamai.net"
"14828","118.534089","192.168.234.2","192.168.234.129","DNS","190","Standard query response 0xb909 A img-s-msn-com.akamaized.net CNAME a1834.dscg2.akamai.net CNAME user-att-99-77-104-0.a1834.dscg2.akamai.net A 23.49.5.137 A 23.49.5.138"
"14980","118.683756","192.168.234.129","192.168.234.2","DNS","72","Standard query 0x4145 A www.bing.com"
"14981","118.683970","192.168.234.129","192.168.234.2","DNS","72","Standard query 0x7a1b HTTPS www.bing.com"
"14982","118.692853","192.168.234.129","192.168.234.2","DNS","86","Standard query 0xcd86 PTR 12.27.171.150.in-addr.arpa"
"14984","118.719429","192.168.234.2","192.168.234.129","DNS","282","Standard query response 0x4145 A www.bing.com CNAME www-www.bing.com.trafficmanager.net CNAME www.bing.com.edgekey.net CNAME e86303.dscx.akamaiedge.net CNAME user-att-99-77-104-0.e86303.dscx.akamaiedge.net A 23.53.13.168 A 23.53.13.166 A 23.53.13.164"
"14985","118.719429","192.168.234.2","192.168.234.129","DNS","312","Standard query response 0x7a1b HTTPS www.bing.com CNAME www-www.bing.com.trafficmanager.net CNAME www.bing.com.edgekey.net CNAME e86303.dscx.akamaiedge.net CNAME user-att-99-77-104-0.e86303.dscx.akamaiedge.net SOA n0dscx.akamaiedge.net"
"14986","118.719429","192.168.234.2","192.168.234.129","DNS","195","Standard query response 0xcd86 No such name PTR 12.27.171.150.in-addr.arpa SOA ns1-07.azure-dns.com"
"14989","118.722492","192.168.234.129","192.168.234.2","DNS","84","Standard query 0x04d3 PTR 137.5.49.23.in-addr.arpa"
"15014","118.742687","192.168.234.129","192.168.234.2","DNS","74","Standard query 0xe620 A thaka.bing.com"
"15015","118.743277","192.168.234.129","192.168.234.2","DNS","74","Standard query 0x6d5b HTTPS thaka.bing.com"
"15028","118.751113","192.168.234.2","192.168.234.129","DNS","147","Standard query response 0x04d3 PTR 137.5.49.23.in-addr.arpa PTR a23-49-5-137.deploy.static.akamaitechnologies.com"
"15075","118.769818","192.168.234.2","192.168.234.129","DNS","267","Standard query response 0x6d5b HTTPS thaka.bing.com CNAME thaka.bing.com.edgekey.net CNAME e86303.dscx.akamaiedge.net CNAME user-att-99-77-104-0.e86303.dscx.akamaiedge.net SOA n0dscx.akamaiedge.net"
"15102","118.777591","192.168.234.2","192.168.234.129","DNS","237","Standard query response 0xe620 A thaka.bing.com CNAME thaka.bing.com.edgekey.net CNAME e86303.dscx.akamaiedge.net CNAME user-att-99-77-104-0.e86303.dscx.akamaiedge.net A 23.53.13.164 A 23.53.13.168 A 23.53.13.166"
"15985","124.482638","192.168.234.129","192.168.234.2","DNS","76","Standard query 0x80d4 A wpad.localdomain"
"15995","125.487911","192.168.234.129","192.168.234.2","DNS","76","Standard query 0x80d4 A wpad.localdomain"
"16006","125.498411","192.168.234.2","192.168.234.129","DNS","76","Standard query response 0x80d4 No such name A wpad.localdomain"
"16009","126.006378","192.168.234.129","192.168.234.2","DNS","78","Standard query 0xdc07 A edge.microsoft.com"
"16010","126.006621","192.168.234.129","192.168.234.2","DNS","78","Standard query 0xb03d HTTPS edge.microsoft.com"
"16011","126.034825","192.168.234.2","192.168.234.129","DNS","206","Standard query response 0xb03d HTTPS edge.microsoft.com CNAME edge-microsoft-com.ax-0002.ax-msedge.net CNAME ax-0002.ax-msedge.net SOA ns1.ax-msedge.net"
"16012","126.034825","192.168.234.2","192.168.234.129","DNS","178","Standard query response 0xdc07 A edge.microsoft.com CNAME edge-microsoft-com.ax-0002.ax-msedge.net CNAME ax-0002.ax-msedge.net A 150.171.27.11 A 150.171.28.11"
"16044","126.508016","192.168.234.2","192.168.234.129","DNS","76","Standard query response 0x80d4 No such name A wpad.localdomain"
"16080","131.110116","192.168.234.129","192.168.234.2","DNS","72","Standard query 0xc5ec A www.bing.com"
"16081","131.110304","192.168.234.129","192.168.234.2","DNS","72","Standard query 0x7d02 HTTPS www.bing.com"
"16082","131.138538","192.168.234.2","192.168.234.129","DNS","282","Standard query response 0xc5ec A www.bing.com CNAME www-www.bing.com.trafficmanager.net CNAME www.bing.com.edgekey.net CNAME e86303.dscx.akamaiedge.net CNAME user-att-99-77-104-0.e86303.dscx.akamaiedge.net A 23.53.13.166 A 23.53.13.168 A 23.53.13.164"
"16096","131.226816","192.168.234.2","192.168.234.129","DNS","312","Standard query response 0x7d02 HTTPS www.bing.com CNAME www-www.bing.com.trafficmanager.net CNAME www.bing.com.edgekey.net CNAME e86303.dscx.akamaiedge.net CNAME user-att-99-77-104-0.e86303.dscx.akamaiedge.net SOA n0dscx.akamaiedge.net"
"16117","135.138614","192.168.234.129","192.168.234.2","DNS","85","Standard query 0x8fae PTR 4.173.189.20.in-addr.arpa"
"16118","135.166750","192.168.234.2","192.168.234.129","DNS","174","Standard query response 0x8fae No such name PTR 4.173.189.20.in-addr.arpa SOA ns1-02.azure-dns.com"
"16285","171.755088","192.168.234.129","192.168.234.2","DNS","85","Standard query 0x5ec0 PTR 48.166.47.23.in-addr.arpa"
"16286","171.787177","192.168.234.2","192.168.234.129","DNS","149","Standard query response 0x5ec0 PTR 48.166.47.23.in-addr.arpa PTR a23-47-166-48.deploy.static.akamaitechnologies.com"
"16314","177.106355","192.168.234.129","192.168.234.2","DNS","78","Standard query 0xeeb9 A edge.microsoft.com"
"16315","177.106689","192.168.234.129","192.168.234.2","DNS","78","Standard query 0x7a1a HTTPS edge.microsoft.com"
"16316","177.109052","192.168.234.129","192.168.234.2","DNS","76","Standard query 0xc877 A wpad.localdomain"
"16323","177.135714","192.168.234.2","192.168.234.129","DNS","178","Standard query response 0xeeb9 A edge.microsoft.com CNAME edge-microsoft-com.ax-0002.ax-msedge.net CNAME ax-0002.ax-msedge.net A 150.171.28.11 A 150.171.27.11"
"16324","177.135714","192.168.234.2","192.168.234.129","DNS","206","Standard query response 0x7a1a HTTPS edge.microsoft.com CNAME edge-microsoft-com.ax-0002.ax-msedge.net CNAME ax-0002.ax-msedge.net SOA ns1.ax-msedge.net"
"16352","178.118035","192.168.234.129","192.168.234.2","DNS","76","Standard query 0xc877 A wpad.localdomain"
"16361","178.129574","192.168.234.2","192.168.234.129","DNS","76","Standard query response 0xc877 No such name A wpad.localdomain"
"16362","178.169736","192.168.234.129","192.168.234.2","DNS","74","Standard query 0xe20a A assets.msn.com"
"16363","178.207045","192.168.234.2","192.168.234.129","DNS","287","Standard query response 0xe20a A assets.msn.com CNAME assets-msn-com-world-atm-default.trafficmanager.net CNAME assets.msn.com-ion.edgesuite.net CNAME a1666.dscr.akamai.net CNAME user-att-99-77-104-0.a1666.dscr.akamai.net A 23.209.188.9 A 23.209.188.12"
"16388","179.127330","192.168.234.2","192.168.234.129","DNS","76","Standard query response 0xc877 No such name A wpad.localdomain"
"16389","180.135519","192.168.234.129","192.168.234.2","DNS","85","Standard query 0xbfa5 PTR 9.188.209.23.in-addr.arpa"
"16390","180.163884","192.168.234.2","192.168.234.129","DNS","149","Standard query response 0xbfa5 PTR 9.188.209.23.in-addr.arpa PTR a23-209-188-9.deploy.static.akamaitechnologies.com"
"16415","191.170712","192.168.234.129","192.168.234.2","DNS","72","Standard query 0x06f2 A www.bing.com"
"16416","191.170972","192.168.234.129","192.168.234.2","DNS","72","Standard query 0x3b99 HTTPS www.bing.com"
"16417","191.172836","192.168.234.129","192.168.234.2","DNS","76","Standard query 0x9f58 A wpad.localdomain"
"16424","191.199877","192.168.234.2","192.168.234.129","DNS","312","Standard query response 0x3b99 HTTPS www.bing.com CNAME www-www.bing.com.trafficmanager.net CNAME www.bing.com.edgekey.net CNAME e86303.dscx.akamaiedge.net CNAME user-att-99-77-104-0.e86303.dscx.akamaiedge.net SOA n0dscx.akamaiedge.net"
"16425","191.204896","192.168.234.2","192.168.234.129","DNS","282","Standard query response 0x06f2 A www.bing.com CNAME www-www.bing.com.trafficmanager.net CNAME www.bing.com.edgekey.net CNAME e86303.dscx.akamaiedge.net CNAME user-att-99-77-104-0.e86303.dscx.akamaiedge.net A 23.53.13.168 A 23.53.13.166 A 23.53.13.164"
"16442","192.186373","192.168.234.129","192.168.234.2","DNS","76","Standard query 0x9f58 A wpad.localdomain"
"16447","192.187695","192.168.234.2","192.168.234.129","DNS","76","Standard query response 0x9f58 No such name A wpad.localdomain"
"16460","193.203183","192.168.234.2","192.168.234.129","DNS","76","Standard query response 0x9f58 No such name A wpad.localdomain"
"16463","199.543367","192.168.234.129","192.168.234.2","DNS","83","Standard query 0x05d2 A pti.store.microsoft.com"
"16464","199.567647","192.168.234.129","192.168.234.2","DNS","82","Standard query 0x219c A client.wns.windows.com"
"16465","199.571725","192.168.234.2","192.168.234.129","DNS","172","Standard query response 0x05d2 No such name A pti.store.microsoft.com SOA ns1-39.azure-dns.com"
"16466","199.595048","192.168.234.2","192.168.234.129","DNS","141","Standard query response 0x219c A client.wns.windows.com CNAME wns.notify.trafficmanager.net A 104.208.203.88"
"16494","200.378996","192.168.234.129","192.168.234.2","DNS","89","Standard query 0x31a2 A v10.events.data.microsoft.com"
"16495","200.406800","192.168.234.2","192.168.234.129","DNS","229","Standard query response 0x31a2 A v10.events.data.microsoft.com CNAME win-global-asimov-leafs-events-data.trafficmanager.net CNAME onedscolprdwus04.westus.cloudapp.azure.com A 20.189.173.5"
"16524","200.948290","192.168.234.129","192.168.234.2","DNS","91","Standard query 0x1b85 A settings-win.data.microsoft.com"
"16525","200.978497","192.168.234.129","192.168.234.2","DNS","91","Standard query 0x1b85 A settings-win.data.microsoft.com"
"16526","200.979202","192.168.234.2","192.168.234.129","DNS","224","Standard query response 0x1b85 A settings-win.data.microsoft.com CNAME atm-settingsfe-prod-geo2.trafficmanager.net CNAME settings-prod-uks-1.uksouth.cloudapp.azure.com A 51.11.168.232"
"16527","200.982777","192.168.234.2","192.168.234.129","DNS","224","Standard query response 0x1b85 A settings-win.data.microsoft.com CNAME atm-settingsfe-prod-geo2.trafficmanager.net CNAME settings-prod-uks-1.uksouth.cloudapp.azure.com A 51.11.168.232"
"16529","201.113845","192.168.234.129","192.168.234.2","DNS","74","Standard query 0x9302 A ecs.office.com"
"16532","201.142050","192.168.234.2","192.168.234.129","DNS","261","Standard query response 0x9302 A ecs.office.com CNAME ecs.office.trafficmanager.net CNAME dual-s-0005-office.config.skype.com CNAME ecs-office.s-0005.dual-s-msedge.net CNAME s-0005.dual-s-msedge.net A 52.123.128.14 A 52.123.129.14"
"16560","201.556600","192.168.234.129","192.168.234.2","DNS","85","Standard query 0xe245 PTR 5.173.189.20.in-addr.arpa"
"16561","201.557612","192.168.234.129","192.168.234.2","DNS","87","Standard query 0xb27e PTR 88.203.208.104.in-addr.arpa"
"16563","201.582827","192.168.234.129","192.168.234.2","DNS","133","Standard query 0xea42 A vmw-keyid-7dc694e1591804e5f34965e149456bad78b42170.microsoftaik.azure.net"
"16564","201.586612","192.168.234.2","192.168.234.129","DNS","164","Standard query response 0xb27e No such name PTR 88.203.208.104.in-addr.arpa SOA ns1-201.azure-dns.com"
"16565","201.586612","192.168.234.2","192.168.234.129","DNS","174","Standard query response 0xe245 No such name PTR 5.173.189.20.in-addr.arpa SOA ns1-02.azure-dns.com"
"16566","201.618415","192.168.234.129","192.168.234.2","DNS","133","Standard query 0xea42 A vmw-keyid-7dc694e1591804e5f34965e149456bad78b42170.microsoftaik.azure.net"
"16568","201.619842","192.168.234.2","192.168.234.129","DNS","325","Standard query response 0xea42 A vmw-keyid-7dc694e1591804e5f34965e149456bad78b42170.microsoftaik.azure.net CNAME prdf.aadg.msidentity.com CNAME www.tm.f.prd.aadg.akadns.net A 40.126.29.1 A 40.126.29.2 A 40.126.29.22 A 40.126.29.21 A 40.126.29.23 A 40.126.29.0 A 40.126.29.20"
"16572","201.623105","192.168.234.2","192.168.234.129","DNS","325","Standard query response 0xea42 A vmw-keyid-7dc694e1591804e5f34965e149456bad78b42170.microsoftaik.azure.net CNAME prdf.aadg.msidentity.com CNAME www.tm.f.prd.aadg.akadns.net A 40.126.29.1 A 40.126.29.2 A 40.126.29.22 A 40.126.29.21 A 40.126.29.23 A 40.126.29.0 A 40.126.29.20"
"16640","202.569000","192.168.234.129","192.168.234.2","DNS","86","Standard query 0xf168 PTR 232.168.11.51.in-addr.arpa"
"16641","202.572202","192.168.234.129","192.168.234.2","DNS","88","Standard query 0x771d PTR 250.255.255.239.in-addr.arpa"
"16646","202.583721","192.168.234.129","192.168.234.2","DNS","84","Standard query 0xe04c PTR 1.29.126.40.in-addr.arpa"
"16649","202.600872","192.168.234.2","192.168.234.129","DNS","161","Standard query response 0x771d No such name PTR 250.255.255.239.in-addr.arpa SOA sns.dns.icann.org"
"16652","202.613355","192.168.234.129","192.168.234.2","DNS","86","Standard query 0xf168 PTR 232.168.11.51.in-addr.arpa"
"16653","202.613370","192.168.234.129","192.168.234.2","DNS","84","Standard query 0xe04c PTR 1.29.126.40.in-addr.arpa"
"16654","202.624051","192.168.234.2","192.168.234.129","DNS","175","Standard query response 0xf168 No such name PTR 232.168.11.51.in-addr.arpa SOA ns1-01.azure-dns.com"
"16655","202.624051","192.168.234.2","192.168.234.129","DNS","175","Standard query response 0xf168 No such name PTR 232.168.11.51.in-addr.arpa SOA ns1-01.azure-dns.com"
"16656","202.633163","192.168.234.2","192.168.234.129","DNS","173","Standard query response 0xe04c No such name PTR 1.29.126.40.in-addr.arpa SOA ns1-02.azure-dns.com"
"16657","202.633163","192.168.234.2","192.168.234.129","DNS","173","Standard query response 0xe04c No such name PTR 1.29.126.40.in-addr.arpa SOA ns1-02.azure-dns.com"
"16681","203.383945","192.168.234.129","192.168.234.2","DNS","96","Standard query 0xa57f A functional.events.data.microsoft.com"
"16682","203.384143","192.168.234.129","192.168.234.2","DNS","96","Standard query 0x9eb0 HTTPS functional.events.data.microsoft.com"
"16689","203.412083","192.168.234.2","192.168.234.129","DNS","287","Standard query response 0x9eb0 HTTPS functional.events.data.microsoft.com CNAME global.asimov.events.data.trafficmanager.net CNAME onedscolprdeus09.eastus.cloudapp.azure.com SOA ns1-201.azure-dns.com"
"16690","203.412083","192.168.234.2","192.168.234.129","DNS","226","Standard query response 0xa57f A functional.events.data.microsoft.com CNAME global.asimov.events.data.trafficmanager.net CNAME onedscolprdeus20.eastus.cloudapp.azure.com A 20.42.65.93"
"16798","205.467935","192.168.234.129","192.168.234.2","DNS","70","Standard query 0x323f A g.live.com"
"16800","205.497370","192.168.234.2","192.168.234.129","DNS","312","Standard query response 0x323f A g.live.com CNAME g.msn.com CNAME g-msn-afd.trafficmanager.net CNAME adsuetprod-ckdecufth8fcedex.b01.azurefd.net CNAME shed.dual-low.s-part-0010.t-0009.t-msedge.net CNAME s-part-0010.t-0009.t-msedge.net A 13.107.246.38"
"16829","205.644559","192.168.234.129","192.168.234.2","DNS","76","Standard query 0xe875 A oneclient.sfx.ms"
"16830","205.681993","192.168.234.129","192.168.234.2","DNS","76","Standard query 0xe875 A oneclient.sfx.ms"
"16831","205.682403","192.168.234.2","192.168.234.129","DNS","221","Standard query response 0xe875 A oneclient.sfx.ms CNAME oneclient.sfx.ms.edgesuite.net CNAME a124.dscd.akamai.net CNAME user-att-99-77-104-0.a124.dscd.akamai.net A 23.34.82.19 A 23.34.82.17"
"16833","205.687172","192.168.234.2","192.168.234.129","DNS","241","Standard query response 0xe875 A oneclient.sfx.ms CNAME oneclient.sfx.ms.edgesuite.net CNAME a124.dscd.akamai.net CNAME user-att-99-77-104-0.a124.dscd.akamai.net A 23.34.82.19 A 23.34.82.17"
"16834","205.699826","192.168.234.129","192.168.234.2","DNS","91","Standard query 0xcc01 A settings-win.data.microsoft.com"
"16835","205.704775","192.168.234.2","192.168.234.129","DNS","224","Standard query response 0xcc01 A settings-win.data.microsoft.com CNAME atm-settingsfe-prod-geo2.trafficmanager.net CNAME settings-prod-uks-1.uksouth.cloudapp.azure.com A 51.11.168.232"
"16944","205.985515","192.168.234.129","192.168.234.2","DNS","74","Standard query 0x8d1d A ecs.office.com"
"16945","205.990970","192.168.234.2","192.168.234.129","DNS","285","Standard query response 0x8d1d A ecs.office.com CNAME ecs.office.trafficmanager.net CNAME dual-s-0005-office.config.skype.com CNAME ecs-office.s-0005.dual-s-msedge.net CNAME s-0005.dual-s-msedge.net A 52.123.128.14 A 52.123.129.14"
"16981","206.591431","192.168.234.129","192.168.234.2","DNS","84","Standard query 0x86e3 PTR 19.82.34.23.in-addr.arpa"
"16986","206.621341","192.168.234.2","192.168.234.129","DNS","147","Standard query response 0x86e3 PTR 19.82.34.23.in-addr.arpa PTR a23-34-82-19.deploy.static.akamaitechnologies.com"
"17123","211.083699","192.168.234.129","192.168.234.2","DNS","91","Standard query 0xa9c7 A settings-win.data.microsoft.com"
"17124","211.113846","192.168.234.2","192.168.234.129","DNS","225","Standard query response 0xa9c7 A settings-win.data.microsoft.com CNAME atm-settingsfe-prod-geo2.trafficmanager.net CNAME settings-prod-wus3-1.westus3.cloudapp.azure.com A 20.106.86.13"
"17162","211.621916","192.168.234.129","192.168.234.2","DNS","85","Standard query 0x44ba PTR 13.86.106.20.in-addr.arpa"
"17163","211.665144","192.168.234.129","192.168.234.2","DNS","85","Standard query 0x44ba PTR 13.86.106.20.in-addr.arpa"
"17170","211.673971","192.168.234.2","192.168.234.129","DNS","174","Standard query response 0x44ba No such name PTR 13.86.106.20.in-addr.arpa SOA ns1-05.azure-dns.com"
"17171","211.673971","192.168.234.2","192.168.234.129","DNS","174","Standard query response 0x44ba No such name PTR 13.86.106.20.in-addr.arpa SOA ns1-05.azure-dns.com"
"17188","213.535234","192.168.234.129","192.168.234.2","DNS","88","Standard query 0x9181 A msedge.api.cdp.microsoft.com"
"17189","213.564343","192.168.234.2","192.168.234.129","DNS","172","Standard query response 0x9181 A msedge.api.cdp.microsoft.com CNAME api.cdp.microsoft.com CNAME glb.api.prod.dcat.dsp.trafficmanager.net A 20.165.94.46"
"17224","214.077250","192.168.234.129","192.168.234.2","DNS","95","Standard query 0x1ebd A geover.prod.do.dsp.mp.microsoft.com"
"17229","214.099676","192.168.234.129","192.168.234.2","DNS","94","Standard query 0x192b A cp801.prod.do.dsp.mp.microsoft.com"
"17230","214.110527","192.168.234.129","192.168.234.2","DNS","95","Standard query 0x1ebd A geover.prod.do.dsp.mp.microsoft.com"
"17231","214.112155","192.168.234.2","192.168.234.129","DNS","244","Standard query response 0x1ebd A geover.prod.do.dsp.mp.microsoft.com CNAME geover.prod.do.dsp.mp.microsoft.com.edgekey.net CNAME e10370.d.akamaiedge.net CNAME user-att-99-77-104-0.e10370.d.akamaiedge.net A 23.42.157.217"
"17232","214.112155","192.168.234.2","192.168.234.129","DNS","267","Standard query response 0x1ebd A geover.prod.do.dsp.mp.microsoft.com CNAME geover.prod.do.dsp.mp.microsoft.com.edgekey.net CNAME e10370.d.akamaiedge.net CNAME user-att-99-77-104-0.e10370.d.akamaiedge.net A 23.42.157.217"
"17234","214.134347","192.168.234.2","192.168.234.129","DNS","242","Standard query response 0x192b A cp801.prod.do.dsp.mp.microsoft.com CNAME cp801.prod.do.dsp.mp.microsoft.com.edgekey.net CNAME e12437.d.akamaiedge.net CNAME user-att-99-77-104-0.e12437.d.akamaiedge.net A 23.47.166.48"
"17269","214.339625","192.168.234.129","192.168.234.2","DNS","88","Standard query 0xc91b A dl.delivery.mp.microsoft.com"
"17271","214.381002","192.168.234.2","192.168.234.129","DNS","257","Standard query response 0xc91b A dl.delivery.mp.microsoft.com CNAME dl.delivery.mp.microsoft.com.delivery.microsoft.com CNAME dcat-f-nlu-net.trafficmanager.net CNAME fg.microsoft.map.fastly.net A 151.101.146.172"
"17283","214.577822","192.168.234.129","192.168.234.2","DNS","101","Standard query 0x23cb A msedge.b.tlu.dl.delivery.mp.microsoft.com"
"17284","214.607155","192.168.234.2","192.168.234.129","DNS","280","Standard query response 0x23cb A msedge.b.tlu.dl.delivery.mp.microsoft.com CNAME star.b.tlu.dl.delivery.mp.microsoft.com.delivery.microsoft.com CNAME cdp-f-tlu-net.trafficmanager.net CNAME fg.microsoft.map.fastly.net A 151.101.54.172"
"17412","214.747542","192.168.234.129","192.168.234.2","DNS","85","Standard query 0x0bc8 PTR 46.94.165.20.in-addr.arpa"
"17413","214.761280","192.168.234.129","192.168.234.2","DNS","86","Standard query 0xf7bc PTR 217.157.42.23.in-addr.arpa"
"17414","214.772875","192.168.234.129","192.168.234.2","DNS","88","Standard query 0x0575 PTR 172.146.101.151.in-addr.arpa"
"17415","214.784352","192.168.234.129","192.168.234.2","DNS","85","Standard query 0x0bc8 PTR 46.94.165.20.in-addr.arpa"
"17416","214.789193","192.168.234.2","192.168.234.129","DNS","151","Standard query response 0xf7bc PTR 217.157.42.23.in-addr.arpa PTR a23-42-157-217.deploy.static.akamaitechnologies.com"
"17417","214.800134","192.168.234.2","192.168.234.129","DNS","172","Standard query response 0x0575 No such name PTR 172.146.101.151.in-addr.arpa SOA pri.authdns.ripe.net"
"17418","214.800134","192.168.234.2","192.168.234.129","DNS","174","Standard query response 0x0bc8 No such name PTR 46.94.165.20.in-addr.arpa SOA ns1-08.azure-dns.com"
"17419","214.800134","192.168.234.2","192.168.234.129","DNS","174","Standard query response 0x0bc8 No such name PTR 46.94.165.20.in-addr.arpa SOA ns1-08.azure-dns.com"
"20940","215.744556","192.168.234.129","192.168.234.2","DNS","87","Standard query 0x1479 PTR 172.54.101.151.in-addr.arpa"
"21250","215.773484","192.168.234.2","192.168.234.129","DNS","171","Standard query response 0x1479 No such name PTR 172.54.101.151.in-addr.arpa SOA pri.authdns.ripe.net"
"25298","218.430082","192.168.234.129","192.168.234.2","DNS","91","Standard query 0x68a6 A settings-win.data.microsoft.com"
"25299","218.459520","192.168.234.2","192.168.234.129","DNS","225","Standard query response 0x68a6 A settings-win.data.microsoft.com CNAME atm-settingsfe-prod-geo2.trafficmanager.net CNAME settings-prod-eus2-2.eastus2.cloudapp.azure.com A 52.167.17.97"
"25335","218.944739","192.168.234.129","192.168.234.2","DNS","85","Standard query 0x0be4 PTR 97.17.167.52.in-addr.arpa"
"25336","218.972600","192.168.234.2","192.168.234.129","DNS","184","Standard query response 0x0be4 No such name PTR 97.17.167.52.in-addr.arpa SOA ns1-201.azure-dns.com"
"25549","222.756388","192.168.234.129","192.168.234.2","DNS","91","Standard query 0xc043 A settings-win.data.microsoft.com"
"25550","222.785784","192.168.234.2","192.168.234.129","DNS","225","Standard query response 0xc043 A settings-win.data.microsoft.com CNAME atm-settingsfe-prod-geo2.trafficmanager.net CNAME settings-prod-eus2-2.eastus2.cloudapp.azure.com A 52.167.17.97"
"25747","227.006181","192.168.234.129","192.168.234.2","DNS","88","Standard query 0xb150 PTR 255.234.168.192.in-addr.arpa"
"25748","227.010729","192.168.234.2","192.168.234.129","DNS","88","Standard query response 0xb150 No such name PTR 255.234.168.192.in-addr.arpa"
"25772","246.022187","192.168.234.129","192.168.234.2","DNS","78","Standard query 0xb23d A edge.microsoft.com"
"25773","246.022464","192.168.234.129","192.168.234.2","DNS","78","Standard query 0x465d HTTPS edge.microsoft.com"
"25778","246.049722","192.168.234.2","192.168.234.129","DNS","192","Standard query response 0x465d HTTPS edge.microsoft.com CNAME edge-microsoft-com.ax-0002.ax-msedge.net SOA ns1.ax-msedge.net"
"25779","246.049722","192.168.234.2","192.168.234.129","DNS","178","Standard query response 0xb23d A edge.microsoft.com CNAME edge-microsoft-com.ax-0002.ax-msedge.net CNAME ax-0002.ax-msedge.net A 150.171.28.11 A 150.171.27.11"
"25786","251.226883","192.168.234.129","192.168.234.2","DNS","72","Standard query 0x5c7f A www.bing.com"
"25787","251.227120","192.168.234.129","192.168.234.2","DNS","72","Standard query 0xdebd HTTPS www.bing.com"
"25788","251.255675","192.168.234.2","192.168.234.129","DNS","282","Standard query response 0x5c7f A www.bing.com CNAME www-www.bing.com.trafficmanager.net CNAME www.bing.com.edgekey.net CNAME e86303.dscx.akamaiedge.net CNAME user-att-99-77-104-0.e86303.dscx.akamaiedge.net A 23.53.13.168 A 23.53.13.164 A 23.53.13.166"
"25789","251.255675","192.168.234.2","192.168.234.129","DNS","312","Standard query response 0xdebd HTTPS www.bing.com CNAME www-www.bing.com.trafficmanager.net CNAME www.bing.com.edgekey.net CNAME e86303.dscx.akamaiedge.net CNAME user-att-99-77-104-0.e86303.dscx.akamaiedge.net SOA n0dscx.akamaiedge.net"
"25804","252.590900","192.168.234.129","192.168.234.2","DNS","81","Standard query 0xfd15 A config.edge.skype.com"
"25805","252.619972","192.168.234.2","192.168.234.129","DNS","256","Standard query response 0xfd15 A config.edge.skype.com CNAME config.edge.skype.com.trafficmanager.net CNAME ln-0007.config.skype.com CNAME config-edge-skype.ln-0007.ln-msedge.net CNAME ln-0007.ln-msedge.net A 150.171.22.17"
"25911","275.754023","192.168.234.129","192.168.234.2","DNS","86","Standard query 0xb259 A checkappexec.microsoft.com"
"25912","275.783934","192.168.234.2","192.168.234.129","DNS","210","Standard query response 0xb259 A checkappexec.microsoft.com CNAME prod-atm-wds-apprep.trafficmanager.net CNAME prod-agic-eu2-1.eastus2.cloudapp.azure.com A 4.153.29.52"
"25980","298.223963","192.168.234.129","192.168.234.2","DNS","74","Standard query 0x2526 A assets.msn.com"
"25985","298.260365","192.168.234.2","192.168.234.129","DNS","287","Standard query response 0x2526 A assets.msn.com CNAME assets-msn-com-world-atm-default.trafficmanager.net CNAME assets.msn.com-ion.edgesuite.net CNAME a1666.dscr.akamai.net CNAME user-att-99-77-104-0.a1666.dscr.akamai.net A 23.209.188.12 A 23.209.188.9"
"26007","311.286254","192.168.234.129","192.168.234.2","DNS","72","Standard query 0x6133 A www.bing.com"
"26008","311.286444","192.168.234.129","192.168.234.2","DNS","72","Standard query 0x506d HTTPS www.bing.com"
"26009","311.315205","192.168.234.2","192.168.234.129","DNS","312","Standard query response 0x506d HTTPS www.bing.com CNAME www-www.bing.com.trafficmanager.net CNAME www.bing.com.edgekey.net CNAME e86303.dscx.akamaiedge.net CNAME user-att-99-77-104-0.e86303.dscx.akamaiedge.net SOA n0dscx.akamaiedge.net"
"26010","311.320346","192.168.234.2","192.168.234.129","DNS","282","Standard query response 0x6133 A www.bing.com CNAME www-www.bing.com.trafficmanager.net CNAME www.bing.com.edgekey.net CNAME e86303.dscx.akamaiedge.net CNAME user-att-99-77-104-0.e86303.dscx.akamaiedge.net A 23.53.13.166 A 23.53.13.164 A 23.53.13.168"
"26042","333.053462","192.168.234.129","192.168.234.2","DNS","92","Standard query 0xa9f0 A xpaywalletcdn-prod.azureedge.net"
"26043","333.053672","192.168.234.129","192.168.234.2","DNS","92","Standard query 0xfeb0 HTTPS xpaywalletcdn-prod.azureedge.net"
"26044","333.081396","192.168.234.2","192.168.234.129","DNS","330","Standard query response 0xa9f0 A xpaywalletcdn-prod.azureedge.net CNAME xpaywalletcdn-prod.afd.azureedge.net CNAME reserved-p01.afd.azureedge.net CNAME star-t-p.trafficmanager.net CNAME shed.dual-low.s-part-0010.t-0009.t-msedge.net CNAME s-part-0010.t-0009.t-msedge.net A 13.107.246.38"
"26045","333.081396","192.168.234.2","192.168.234.129","DNS","386","Standard query response 0xfeb0 HTTPS xpaywalletcdn-prod.azureedge.net CNAME xpaywalletcdn-prod.afd.azureedge.net CNAME reserved-p01.afd.azureedge.net CNAME star-t-p.trafficmanager.net CNAME shed.dual-low.s-part-0010.t-0009.t-msedge.net CNAME s-part-0010.t-0009.t-msedge.net SOA ns1.t-msedge.net"
"26092","336.990905","192.168.234.129","192.168.234.2","DNS","99","Standard query 0x9ec5 A instance-t68c6n-relay.screenconnect.com"
"26093","337.026131","192.168.234.129","192.168.234.2","DNS","99","Standard query 0x9ec5 A instance-t68c6n-relay.screenconnect.com"
"26094","337.051295","192.168.234.2","192.168.234.129","DNS","154","Standard query response 0x9ec5 A instance-t68c6n-relay.screenconnect.com CNAME server-ovh30020010-relay.screenconnect.com A 15.204.43.235"
"26095","337.051295","192.168.234.2","192.168.234.129","DNS","154","Standard query response 0x9ec5 A instance-t68c6n-relay.screenconnect.com CNAME server-ovh30020010-relay.screenconnect.com A 15.204.43.235"
"26107","339.081695","192.168.234.129","192.168.234.2","DNS","86","Standard query 0xfe0b PTR 235.43.204.15.in-addr.arpa"
"26108","339.126418","192.168.234.129","192.168.234.2","DNS","86","Standard query 0xfe0b PTR 235.43.204.15.in-addr.arpa"
"26109","339.181928","192.168.234.2","192.168.234.129","DNS","121","Standard query response 0xfe0b PTR 235.43.204.15.in-addr.arpa PTR ip235.ip-15-204-43.us"
"26110","339.181928","192.168.234.2","192.168.234.129","DNS","121","Standard query response 0xfe0b PTR 235.43.204.15.in-addr.arpa PTR ip235.ip-15-204-43.us"
"26128","358.237029","192.168.234.129","192.168.234.2","DNS","74","Standard query 0x0bbf A assets.msn.com"
"26129","358.272527","192.168.234.2","192.168.234.129","DNS","287","Standard query response 0x0bbf A assets.msn.com CNAME assets-msn-com-world-atm-default.trafficmanager.net CNAME assets.msn.com-ion.edgesuite.net CNAME a1666.dscr.akamai.net CNAME user-att-99-77-104-0.a1666.dscr.akamai.net A 23.209.188.12 A 23.209.188.9"
"26169","406.307838","192.168.234.129","192.168.234.2","DNS","86","Standard query 0xe7e3 A fe2cr.update.microsoft.com"
"26170","406.334118","192.168.234.2","192.168.234.129","DNS","172","Standard query response 0xe7e3 A fe2cr.update.microsoft.com CNAME fe2cr.update.msft.com.trafficmanager.net A 134.33.4.18 A 172.184.231.69"
"26268","407.281706","192.168.234.129","192.168.234.2","DNS","86","Standard query 0xc1c9 A download.windowsupdate.com"
"26269","407.311340","192.168.234.2","192.168.234.129","DNS","246","Standard query response 0xc1c9 A download.windowsupdate.com CNAME download.windowsupdate.com.delivery.microsoft.com CNAME wu-f-net.trafficmanager.net CNAME cl-glcb907925.globalcdn.co A 92.223.107.59"
"26271","407.314816","192.168.234.129","192.168.234.2","DNS","84","Standard query 0xab55 PTR 18.4.33.134.in-addr.arpa"
"26272","407.345882","192.168.234.129","192.168.234.2","DNS","84","Standard query 0xab55 PTR 18.4.33.134.in-addr.arpa"
"26273","407.365640","192.168.234.2","192.168.234.129","DNS","173","Standard query response 0xab55 No such name PTR 18.4.33.134.in-addr.arpa SOA ns1-02.azure-dns.com"
"26274","407.365640","192.168.234.2","192.168.234.129","DNS","173","Standard query response 0xab55 No such name PTR 18.4.33.134.in-addr.arpa SOA ns1-02.azure-dns.com"
"26620","409.340166","192.168.234.129","192.168.234.2","DNS","86","Standard query 0x6e73 PTR 59.107.223.92.in-addr.arpa"
"26621","409.367486","192.168.234.2","192.168.234.129","DNS","160","Standard query response 0x6e73 No such name PTR 59.107.223.92.in-addr.arpa SOA ns1.gcorelabs.net"
"26753","410.171652","192.168.234.129","192.168.234.2","DNS","74","Standard query 0x78ed A ecs.office.com"
"26754","410.200607","192.168.234.2","192.168.234.129","DNS","261","Standard query response 0x78ed A ecs.office.com CNAME ecs.office.trafficmanager.net CNAME dual-s-0005-office.config.skype.com CNAME ecs-office.s-0005.dual-s-msedge.net CNAME s-0005.dual-s-msedge.net A 52.123.128.14 A 52.123.129.14"
